{
  "Level-1": {
    "Entity1": {
      "Type": "Background"
    }
  },
  "Level-2": {
    "Entity1": {
      "Type": "Background"
    },
    "Entity2": {
      "Config": "Flyer.rType.json",
      "Count": 4,
      "Positions": [
        {
          "X": 351.5103759765625,
          "Y": 133.75425720214844
        },
        {
          "X": 339.9999694824219,
          "Y": 256.791015625
        },
        {
          "X": 584.8176879882813,
          "Y": 154.7605438232422
        },
        {
          "X": 498.0468444824219,
          "Y": 221.20896911621094
        }
      ]
    }
  }
}